"node_id","module","sub_module","sub_sub_module","layer_id","flow","type","species"
1,6,NA,NA,7,0.000613747,"plant","Argyranthemum.frutescens"
1,6,NA,NA,8,0.0033016,"plant","Argyranthemum.frutescens"
1,6,NA,NA,9,0.00262265,"plant","Argyranthemum.frutescens"
1,6,NA,NA,10,0.0048459,"plant","Argyranthemum.frutescens"
1,6,NA,NA,11,0.00468753,"plant","Argyranthemum.frutescens"
1,6,NA,NA,12,0.010363,"plant","Argyranthemum.frutescens"
4,10,NA,NA,10,5.99655e-05,"plant","Asphaltklee.bituminosa"
4,5,NA,NA,12,0.000877101,"plant","Asphaltklee.bituminosa"
4,5,NA,NA,13,0.00176098,"plant","Asphaltklee.bituminosa"
4,5,NA,NA,14,0.0114541,"plant","Asphaltklee.bituminosa"
5,11,NA,NA,9,0.000477362,"plant","Ceballosia.fruticosa"
5,11,NA,NA,10,0.00117455,"plant","Ceballosia.fruticosa"
5,11,NA,NA,13,0.000741769,"plant","Ceballosia.fruticosa"
5,11,NA,NA,14,0.00615023,"plant","Ceballosia.fruticosa"
6,28,NA,NA,10,0.000542086,"plant","Ceropegia.dichotoma"
7,1,NA,NA,7,7.15297e-06,"plant","Ceropegia.fusca"
8,1,NA,NA,3,0.000557507,"plant","Euphorbia.balsamifera..f."
8,1,NA,NA,4,0.00136039,"plant","Euphorbia.balsamifera..f."
8,1,NA,NA,5,0.00110031,"plant","Euphorbia.balsamifera..f."
8,1,NA,NA,6,0.00105296,"plant","Euphorbia.balsamifera..f."
8,1,NA,NA,7,0.000921542,"plant","Euphorbia.balsamifera..f."
8,1,NA,NA,8,0.00114259,"plant","Euphorbia.balsamifera..f."
8,1,NA,NA,9,0.0015726,"plant","Euphorbia.balsamifera..f."
8,1,NA,NA,10,0.00474988,"plant","Euphorbia.balsamifera..f."
8,1,NA,NA,11,0.00291983,"plant","Euphorbia.balsamifera..f."
8,1,NA,NA,12,0.00679211,"plant","Euphorbia.balsamifera..f."
8,1,NA,NA,13,0.00528586,"plant","Euphorbia.balsamifera..f."
8,1,NA,NA,14,0.0260314,"plant","Euphorbia.balsamifera..f."
9,2,NA,NA,3,0.00185857,"plant","Euphorbia.balsamifera..m."
9,2,NA,NA,4,0.00345087,"plant","Euphorbia.balsamifera..m."
9,2,NA,NA,5,0.00132322,"plant","Euphorbia.balsamifera..m."
9,2,NA,NA,6,0.0025622,"plant","Euphorbia.balsamifera..m."
9,2,NA,NA,7,0.00160557,"plant","Euphorbia.balsamifera..m."
9,2,NA,NA,8,0.00306603,"plant","Euphorbia.balsamifera..m."
9,2,NA,NA,9,0.00343606,"plant","Euphorbia.balsamifera..m."
9,2,NA,NA,10,0.00647985,"plant","Euphorbia.balsamifera..m."
9,2,NA,NA,11,0.00441087,"plant","Euphorbia.balsamifera..m."
9,2,NA,NA,12,0.0108813,"plant","Euphorbia.balsamifera..m."
9,2,NA,NA,13,0.0106404,"plant","Euphorbia.balsamifera..m."
9,2,NA,NA,14,0.0549655,"plant","Euphorbia.balsamifera..m."
10,1,NA,NA,7,0.000934919,"plant","Euphorbia.lamarckii"
10,1,NA,NA,8,0.00266978,"plant","Euphorbia.lamarckii"
10,1,NA,NA,9,0.00055822,"plant","Euphorbia.lamarckii"
10,1,NA,NA,10,0.00111028,"plant","Euphorbia.lamarckii"
10,1,NA,NA,11,0.00213157,"plant","Euphorbia.lamarckii"
10,1,NA,NA,12,0.00575945,"plant","Euphorbia.lamarckii"
10,1,NA,NA,13,0.00966481,"plant","Euphorbia.lamarckii"
10,1,NA,NA,14,0.0817733,"plant","Euphorbia.lamarckii"
11,17,NA,NA,5,0.00192474,"plant","Euphorbia.regis.jubae"
11,17,NA,NA,6,0.00223506,"plant","Euphorbia.regis.jubae"
12,12,NA,NA,5,0.000278012,"plant","Fagonia.albiflora"
12,12,NA,NA,6,0.000934189,"plant","Fagonia.albiflora"
12,12,NA,NA,8,0.000273356,"plant","Fagonia.albiflora"
12,12,NA,NA,9,0.00123603,"plant","Fagonia.albiflora"
12,12,NA,NA,10,0.00143532,"plant","Fagonia.albiflora"
12,12,NA,NA,12,0.00387854,"plant","Fagonia.albiflora"
13,15,NA,NA,7,0.00022363,"plant","Frankenia.laevis"
13,15,NA,NA,8,0.000977614,"plant","Frankenia.laevis"
13,15,NA,NA,10,0.00119494,"plant","Frankenia.laevis"
14,24,NA,NA,3,0.000296552,"plant","Helianthemum.canariensis"
14,24,NA,NA,4,0.000617046,"plant","Helianthemum.canariensis"
14,24,NA,NA,7,0.000506717,"plant","Helianthemum.canariensis"
14,24,NA,NA,8,0.00078217,"plant","Helianthemum.canariensis"
15,29,NA,NA,4,0.000700587,"plant","Kickxia.heterophylla"
16,7,NA,NA,5,0.000148451,"plant","Kickxia.scoparia"
16,7,NA,NA,10,0.00010088,"plant","Kickxia.scoparia"
16,7,NA,NA,11,0.000195164,"plant","Kickxia.scoparia"
16,7,NA,NA,12,0.00133267,"plant","Kickxia.scoparia"
17,4,NA,NA,3,0.00224956,"plant","Launaea.arborescens"
17,4,NA,NA,4,0.00297569,"plant","Launaea.arborescens"
17,4,NA,NA,5,0.000965783,"plant","Launaea.arborescens"
17,4,NA,NA,6,0.00225765,"plant","Launaea.arborescens"
17,4,NA,NA,7,0.00185152,"plant","Launaea.arborescens"
17,4,NA,NA,8,0.00323172,"plant","Launaea.arborescens"
17,4,NA,NA,9,0.00157222,"plant","Launaea.arborescens"
17,4,NA,NA,10,0.0030149,"plant","Launaea.arborescens"
17,4,NA,NA,11,0.00352702,"plant","Launaea.arborescens"
17,4,NA,NA,12,0.0128766,"plant","Launaea.arborescens"
18,7,NA,NA,10,0.000986171,"plant","Lavendula.buchii"
19,5,NA,NA,6,0.000133112,"plant","Lavendula.minutolii"
20,25,NA,NA,7,0.00106277,"plant","Lavendula.multifida"
20,25,NA,NA,11,0.000332014,"plant","Lavendula.multifida"
21,13,NA,NA,13,0.00560867,"plant","Lotus.glaucus"
22,16,2,NA,4,0.000723698,"plant","Lotus.lancerottensis"
23,26,NA,NA,7,7.15297e-06,"plant","Lotus.sessilifolius"
23,26,NA,NA,8,0.00143361,"plant","Lotus.sessilifolius"
25,30,NA,NA,6,0.000478451,"plant","Lotus.spartioides"
26,7,NA,NA,3,0.000489035,"plant","Lycium.intricatum"
26,7,NA,NA,4,0.000871895,"plant","Lycium.intricatum"
26,7,NA,NA,5,0.000807537,"plant","Lycium.intricatum"
26,7,NA,NA,6,0.00124042,"plant","Lycium.intricatum"
26,7,NA,NA,7,0.000740356,"plant","Lycium.intricatum"
26,7,NA,NA,8,0.000827837,"plant","Lycium.intricatum"
26,7,NA,NA,9,0.0014152,"plant","Lycium.intricatum"
26,7,NA,NA,10,0.00187182,"plant","Lycium.intricatum"
26,7,NA,NA,12,0.0042095,"plant","Lycium.intricatum"
27,3,3,NA,9,6.78393e-05,"plant","Nauplius.aquaticus"
27,3,3,NA,10,0.001271,"plant","Nauplius.aquaticus"
29,1,NA,NA,9,6.27644e-05,"plant","Neochamaelea.pulverulenta"
30,10,NA,NA,10,0.00488659,"plant","Parolinia.intermedia"
31,1,NA,NA,7,0.00158952,"plant","Periploca.laevigata"
31,1,NA,NA,8,0.00337007,"plant","Periploca.laevigata"
31,1,NA,NA,9,0.0016913,"plant","Periploca.laevigata"
31,1,NA,NA,10,0.00272032,"plant","Periploca.laevigata"
31,1,NA,NA,11,0.00207167,"plant","Periploca.laevigata"
31,1,NA,NA,12,0.00624834,"plant","Periploca.laevigata"
31,1,NA,NA,13,0.00453504,"plant","Periploca.laevigata"
31,1,NA,NA,14,0.0378942,"plant","Periploca.laevigata"
32,16,3,NA,3,0.000233584,"plant","Phagnalon.purpurascens"
32,16,1,NA,4,0.00186475,"plant","Phagnalon.purpurascens"
33,3,1,NA,11,0.000956758,"plant","Phagnalon.saxatile"
33,3,1,NA,12,0.0049469,"plant","Phagnalon.saxatile"
33,3,1,NA,14,0.0148731,"plant","Phagnalon.saxatile"
34,18,NA,NA,5,0.000212704,"plant","Plocama.pendula"
34,18,NA,NA,6,0.000926655,"plant","Plocama.pendula"
34,18,NA,NA,7,0.000379074,"plant","Plocama.pendula"
34,18,NA,NA,11,0.000839932,"plant","Plocama.pendula"
35,8,NA,NA,5,0.000234609,"plant","Rubia.fruticosa"
35,8,NA,NA,6,0.000907978,"plant","Rubia.fruticosa"
35,8,NA,NA,9,0.000554496,"plant","Rubia.fruticosa"
35,8,NA,NA,10,0.000709892,"plant","Rubia.fruticosa"
35,8,NA,NA,11,0.00144266,"plant","Rubia.fruticosa"
35,8,NA,NA,12,0.00268746,"plant","Rubia.fruticosa"
35,8,NA,NA,13,0.00149887,"plant","Rubia.fruticosa"
35,8,NA,NA,14,0.00421748,"plant","Rubia.fruticosa"
36,33,NA,NA,3,0.000290848,"plant","Salvia.aegyptiaca"
36,2,NA,NA,12,0.000276521,"plant","Salvia.aegyptiaca"
37,35,NA,NA,7,9.1073e-05,"plant","Satureja.kuegleri"
37,35,NA,NA,8,0.000486391,"plant","Satureja.kuegleri"
37,1,NA,NA,14,0.000934601,"plant","Satureja.kuegleri"
38,3,2,NA,5,0.00039823,"plant","Schizogyne.sericea"
38,3,2,NA,7,0.000516687,"plant","Schizogyne.sericea"
38,3,2,NA,8,0.00140804,"plant","Schizogyne.sericea"
38,3,2,NA,9,0.00087207,"plant","Schizogyne.sericea"
38,3,2,NA,10,0.00152561,"plant","Schizogyne.sericea"
38,3,2,NA,14,0.0125834,"plant","Schizogyne.sericea"
40,17,NA,NA,6,5.08528e-05,"pollinator","Agromyzidae_sp._1"
40,17,NA,NA,7,7.86778e-05,"pollinator","Agromyzidae_sp._1"
40,17,NA,NA,8,0.000253046,"pollinator","Agromyzidae_sp._1"
41,1,NA,NA,10,2.00561e-05,"pollinator","Agromyzidae?_sp._2"
42,4,NA,NA,6,2.59125e-05,"pollinator","Alliophleps_elliptica"
43,7,NA,NA,9,4.25571e-05,"pollinator","Amegilla_canifrons"
44,7,NA,NA,5,6.40961e-05,"pollinator","Amegilla_quadrifasciata"
44,7,NA,NA,6,0.00016943,"pollinator","Amegilla_quadrifasciata"
44,25,NA,NA,7,0.00052617,"pollinator","Amegilla_quadrifasciata"
44,7,NA,NA,10,0.0006694,"pollinator","Amegilla_quadrifasciata"
44,7,NA,NA,12,0.00196037,"pollinator","Amegilla_quadrifasciata"
46,15,NA,NA,8,6.67881e-05,"pollinator","Ammophila_terminata"
47,2,NA,NA,12,0.000561972,"pollinator","Anaspis_cf._canariensis"
48,4,NA,NA,4,5.47691e-05,"pollinator","Anaspis_cf._eversi"
50,10,NA,NA,3,1.77982e-05,"pollinator","Anaspis_proteus"
50,10,NA,NA,4,0.000146947,"pollinator","Anaspis_proteus"
50,10,NA,NA,5,0.000207018,"pollinator","Anaspis_proteus"
50,10,NA,NA,6,0.000759897,"pollinator","Anaspis_proteus"
50,10,NA,NA,7,0.000336777,"pollinator","Anaspis_proteus"
50,10,NA,NA,8,0.000954542,"pollinator","Anaspis_proteus"
50,10,NA,NA,9,0.00122144,"pollinator","Anaspis_proteus"
50,10,NA,NA,10,0.0025251,"pollinator","Anaspis_proteus"
52,17,NA,NA,5,0.000116901,"pollinator","Andrena_vulcana"
52,12,NA,NA,6,0.00020477,"pollinator","Andrena_vulcana"
53,2,NA,NA,6,5.42123e-06,"pollinator","Andrena_wollastoni"
55,5,NA,NA,3,0.000203927,"pollinator","Anthophora_alluaudi"
55,5,NA,NA,4,0.000357018,"pollinator","Anthophora_alluaudi"
55,5,NA,NA,5,0.000233474,"pollinator","Anthophora_alluaudi"
55,5,NA,NA,6,0.00080251,"pollinator","Anthophora_alluaudi"
55,5,NA,NA,7,0.000380139,"pollinator","Anthophora_alluaudi"
55,5,NA,NA,8,0.000853615,"pollinator","Anthophora_alluaudi"
55,5,NA,NA,9,0.000973591,"pollinator","Anthophora_alluaudi"
55,5,NA,NA,10,0.00157738,"pollinator","Anthophora_alluaudi"
55,5,NA,NA,12,0.00262767,"pollinator","Anthophora_alluaudi"
55,5,NA,NA,13,0.00176509,"pollinator","Anthophora_alluaudi"
55,5,NA,NA,14,0.00600896,"pollinator","Anthophora_alluaudi"
56,7,NA,NA,5,2.13654e-05,"pollinator","Anthophora_orotavae"
56,25,NA,NA,7,0.000150993,"pollinator","Anthophora_orotavae"
56,7,NA,NA,10,0.000524863,"pollinator","Anthophora_orotavae"
56,12,NA,NA,12,0.000645402,"pollinator","Anthophora_orotavae"
59,40,NA,NA,3,4.1055e-05,"pollinator","Aphthona_wachnitzae"
59,40,NA,NA,4,0.000161095,"pollinator","Aphthona_wachnitzae"
60,18,NA,NA,5,3.00152e-05,"pollinator","Apis_mellifera"
60,18,NA,NA,6,0.000238818,"pollinator","Apis_mellifera"
60,18,NA,NA,7,0.000244645,"pollinator","Apis_mellifera"
60,18,NA,NA,8,0.00053508,"pollinator","Apis_mellifera"
60,18,NA,NA,9,0.000325006,"pollinator","Apis_mellifera"
60,18,NA,NA,10,0.000549468,"pollinator","Apis_mellifera"
60,18,NA,NA,11,0.000904714,"pollinator","Apis_mellifera"
60,4,NA,NA,12,0.00310427,"pollinator","Apis_mellifera"
62,1,NA,NA,7,1.12642e-05,"pollinator","Aprostocetus_occidentalis"
62,1,NA,NA,11,0.000171185,"pollinator","Aprostocetus_occidentalis"
62,1,NA,NA,12,0.00116535,"pollinator","Aprostocetus_occidentalis"
64,1,NA,NA,8,3.01041e-05,"pollinator","Aprostocetus_sp._2"
66,1,NA,NA,3,4.29374e-06,"pollinator","Araneae_sp._1"
67,1,NA,NA,11,2.31548e-05,"pollinator","Araneidae_sp._1"
68,8,NA,NA,11,7.28471e-05,"pollinator","Araneidae_sp._2"
69,2,NA,NA,4,1.33155e-05,"pollinator","Asteia_caesia"
70,1,NA,NA,6,5.62077e-06,"pollinator","Atherigona_varia"
71,4,NA,NA,3,8.8991e-06,"pollinator","Attagenus_abbreviatus"
73,38,NA,NA,5,8.70723e-05,"pollinator","Attagenus_wollastoni"
73,38,NA,NA,7,0.000106382,"pollinator","Attagenus_wollastoni"
73,38,NA,NA,8,0.0002766,"pollinator","Attagenus_wollastoni"
74,4,NA,NA,4,2.73845e-05,"pollinator","Attalus_chrysanthemi"
75,1,NA,NA,14,0.000733069,"pollinator","Attalus_crispus"
76,4,NA,NA,5,0.000302725,"pollinator","Attalus_obscurus"
76,4,NA,NA,6,0.000441677,"pollinator","Attalus_obscurus"
77,16,4,NA,3,4.27753e-05,"pollinator","Attalus_olivensis"
77,16,4,NA,4,0.000464465,"pollinator","Attalus_olivensis"
78,8,NA,NA,9,3.48816e-05,"pollinator","Attalus_pallipes"
79,2,NA,NA,8,1.97519e-05,"pollinator","Attalus_ruficollis"
80,6,NA,NA,11,6.28791e-05,"pollinator","Attalus_rugifrons"
80,6,NA,NA,12,0.000334707,"pollinator","Attalus_rugifrons"
81,37,NA,NA,3,8.49273e-05,"pollinator","Aulacoderus_canariensis"
81,37,NA,NA,4,0.000232795,"pollinator","Aulacoderus_canariensis"
81,37,NA,NA,9,0.000162715,"pollinator","Aulacoderus_canariensis"
83,2,NA,NA,10,6.34163e-05,"pollinator","Bassus_sp."
84,7,NA,NA,4,1.95885e-05,"pollinator","Blaesoxipha_sp._1"
84,7,NA,NA,8,7.84912e-05,"pollinator","Blaesoxipha_sp._1"
84,7,NA,NA,12,0.00117538,"pollinator","Blaesoxipha_sp._1"
85,17,NA,NA,5,1.67002e-05,"pollinator","Bombylius_pintuarius"
87,2,NA,NA,7,8.77619e-06,"pollinator","Bracon_sp."
87,2,NA,NA,9,6.3375e-05,"pollinator","Bracon_sp."
88,6,NA,NA,11,0.000515809,"pollinator","Bruchidius_wollastoni"
88,6,NA,NA,12,0.00131807,"pollinator","Bruchidius_wollastoni"
89,4,NA,NA,3,1.77982e-05,"pollinator","Campiglossa_martii"
89,4,NA,NA,4,0.000196644,"pollinator","Campiglossa_martii"
90,6,NA,NA,11,6.28791e-05,"pollinator","Campiglossa_reticulata"
91,16,1,NA,3,4.07795e-05,"pollinator","Camponotus_cfr._feae"
91,16,1,NA,4,0.00177694,"pollinator","Camponotus_cfr._feae"
92,1,NA,NA,3,2.29813e-05,"pollinator","Camponotus_feae"
92,1,NA,NA,5,0.000818786,"pollinator","Camponotus_feae"
92,1,NA,NA,6,0.00293661,"pollinator","Camponotus_feae"
92,1,NA,NA,7,0.00259399,"pollinator","Camponotus_feae"
92,1,NA,NA,8,0.00271775,"pollinator","Camponotus_feae"
92,1,NA,NA,9,0.00330742,"pollinator","Camponotus_feae"
92,1,NA,NA,10,0.00808156,"pollinator","Camponotus_feae"
92,1,NA,NA,11,0.00510468,"pollinator","Camponotus_feae"
92,1,NA,NA,12,0.0118875,"pollinator","Camponotus_feae"
92,1,NA,NA,13,0.0149993,"pollinator","Camponotus_feae"
92,1,NA,NA,14,0.117052,"pollinator","Camponotus_feae"
93,2,NA,NA,3,3.21559e-06,"pollinator","Cecidomyiidae_sp."
94,2,NA,NA,14,0.000851908,"pollinator","Cecydomyiidae_sp."
95,4,NA,NA,3,8.8991e-06,"pollinator","Cephalodromia_sp."
95,3,2,NA,5,6.68242e-05,"pollinator","Cephalodromia_sp."
96,1,NA,NA,10,2.37274e-05,"pollinator","Ceratogoponidae_sp."
96,1,NA,NA,14,0.00151949,"pollinator","Ceratogoponidae_sp."
97,1,NA,NA,13,6.1046e-05,"pollinator","Ceratogoponidae_sp._2"
98,13,NA,NA,7,5.11724e-05,"pollinator","Chalicodoma_canescens"
98,5,NA,NA,12,0.000339434,"pollinator","Chalicodoma_canescens"
98,13,NA,NA,13,0.000674348,"pollinator","Chalicodoma_canescens"
99,4,NA,NA,4,8.21536e-05,"pollinator","Chalicodoma_sicula"
101,33,NA,NA,3,8.01215e-05,"pollinator","Chetogena_acuminata"
101,16,1,NA,4,0.000498569,"pollinator","Chetogena_acuminata"
101,15,NA,NA,5,0.000168852,"pollinator","Chetogena_acuminata"
101,15,NA,NA,8,0.000261396,"pollinator","Chetogena_acuminata"
101,15,NA,NA,10,0.000431578,"pollinator","Chetogena_acuminata"
101,15,NA,NA,12,0.000564099,"pollinator","Chetogena_acuminata"
102,1,NA,NA,10,2.37274e-05,"pollinator","Chironomidae_sp."
103,1,NA,NA,13,0.000185585,"pollinator","Chironomidae_sp._1"
103,1,NA,NA,14,0.000933633,"pollinator","Chironomidae_sp._1"
104,2,NA,NA,9,9.70002e-06,"pollinator","Chloropidae_sp."
105,16,2,NA,4,0.000249818,"pollinator","Chloropidae_sp._1"
106,2,NA,NA,3,3.21559e-06,"pollinator","Chloropidae_sp._2"
106,2,NA,NA,6,6.34786e-05,"pollinator","Chloropidae_sp._2"
107,2,NA,NA,13,0.000249077,"pollinator","Chloropidae_sp._3"
107,2,NA,NA,14,0.00187348,"pollinator","Chloropidae_sp._3"
108,2,NA,NA,12,6.24414e-05,"pollinator","Chloropidae_sp._4"
108,1,NA,NA,14,0.000767633,"pollinator","Chloropidae_sp._4"
109,1,NA,NA,8,1.2395e-05,"pollinator","Chloropidae_sp._5"
109,3,3,NA,10,0.000193335,"pollinator","Chloropidae_sp._5"
110,1,NA,NA,8,1.2395e-05,"pollinator","Chloropidae_sp._6"
111,21,NA,NA,3,4.29374e-06,"pollinator","Chrysomya_albiceps"
111,21,NA,NA,4,0.000227168,"pollinator","Chrysomya_albiceps"
111,21,NA,NA,5,0.000198829,"pollinator","Chrysomya_albiceps"
111,21,NA,NA,6,0.000291729,"pollinator","Chrysomya_albiceps"
111,21,NA,NA,7,0.000270006,"pollinator","Chrysomya_albiceps"
111,21,NA,NA,8,0.000942112,"pollinator","Chrysomya_albiceps"
111,21,NA,NA,11,0.000683378,"pollinator","Chrysomya_albiceps"
111,21,NA,NA,14,0.00147772,"pollinator","Chrysomya_albiceps"
112,8,NA,NA,6,9.4274e-06,"pollinator","Coccinella_miranda"
112,1,NA,NA,10,6.89923e-05,"pollinator","Coccinella_miranda"
114,5,NA,NA,13,9.10688e-05,"pollinator","Colias_croceus"
114,5,NA,NA,14,0.00139568,"pollinator","Colias_croceus"
115,18,NA,NA,5,8.63266e-05,"pollinator","Colletes_dimidiatus"
115,1,NA,NA,13,0.000182001,"pollinator","Colletes_dimidiatus"
115,1,NA,NA,14,0.00832277,"pollinator","Colletes_dimidiatus"
118,2,NA,NA,10,1.58541e-05,"pollinator","Crematogaster_alluaudi"
120,2,NA,NA,9,9.70002e-06,"pollinator","Cryptocephalus_gounellei"
121,2,NA,NA,14,0.00155505,"pollinator","Cryptocephalus_nitidicollis"
122,2,NA,NA,4,1.33155e-05,"pollinator","Cryptocephalus_nubigena"
123,1,NA,NA,5,6.05676e-06,"pollinator","Curculionidae_sp."
124,3,2,NA,10,0.000331525,"pollinator","Dasytes_cf._subaenescens"
125,4,NA,NA,3,5.33946e-05,"pollinator","Dasytes_lanzarotensis"
126,19,NA,NA,9,0.000765431,"pollinator","Dasytes_subaenescens"
126,19,NA,NA,10,0.000709093,"pollinator","Dasytes_subaenescens"
126,19,NA,NA,11,0.000508927,"pollinator","Dasytes_subaenescens"
126,19,NA,NA,13,0.000573002,"pollinator","Dasytes_subaenescens"
126,19,NA,NA,14,0.00236492,"pollinator","Dasytes_subaenescens"
127,1,NA,NA,13,6.88294e-05,"pollinator","Delia_flavibasis"
128,4,NA,NA,4,8.21536e-05,"pollinator","Diglyphus_chabrias"
129,1,NA,NA,13,0.000199115,"pollinator","Dilophus_hiemalis"
130,4,NA,NA,6,5.18284e-05,"pollinator","Dinarmoides_spilopterus"
130,4,NA,NA,7,6.64846e-05,"pollinator","Dinarmoides_spilopterus"
130,4,NA,NA,8,0.000254343,"pollinator","Dinarmoides_spilopterus"
131,7,NA,NA,3,3.43103e-05,"pollinator","Dischistus_atlanticus"
131,7,NA,NA,4,0.000198211,"pollinator","Dischistus_atlanticus"
132,6,NA,NA,9,1.44309e-05,"pollinator","Elasmus_platyedrae"
133,2,NA,NA,12,0.000187324,"pollinator","Empididae_sp._1"
133,1,NA,NA,13,0.000170352,"pollinator","Empididae_sp._1"
134,1,NA,NA,14,0.000733069,"pollinator","Empis_sp._1"
135,6,NA,NA,8,1.29374e-05,"pollinator","Eristalinus_aeneus"
135,6,NA,NA,9,6.9085e-05,"pollinator","Eristalinus_aeneus"
136,36,NA,NA,5,1.67002e-05,"pollinator","Eristalinus_taeniops"
136,36,NA,NA,7,7.20554e-05,"pollinator","Eristalinus_taeniops"
136,36,NA,NA,8,0.000275456,"pollinator","Eristalinus_taeniops"
136,36,NA,NA,13,0.0002723,"pollinator","Eristalinus_taeniops"
137,1,NA,NA,8,3.01041e-05,"pollinator","Eristalis_tenax"
137,6,NA,NA,10,9.70615e-05,"pollinator","Eristalis_tenax"
138,5,NA,NA,9,3.96752e-05,"pollinator","Estheria_simonyi"
138,5,NA,NA,10,0.000654239,"pollinator","Estheria_simonyi"
138,5,NA,NA,11,0.000290749,"pollinator","Estheria_simonyi"
138,5,NA,NA,12,0.000668386,"pollinator","Estheria_simonyi"
138,5,NA,NA,13,0.00107532,"pollinator","Estheria_simonyi"
138,5,NA,NA,14,0.00646121,"pollinator","Estheria_simonyi"
139,17,NA,NA,5,7.14659e-05,"pollinator","Eucera_gracilipes"
139,10,NA,NA,10,0.000455943,"pollinator","Eucera_gracilipes"
139,5,NA,NA,13,0.000724814,"pollinator","Eucera_gracilipes"
140,3,2,NA,8,6.50321e-05,"pollinator","Euderus_sp."
140,3,2,NA,10,0.000336202,"pollinator","Euderus_sp."
140,3,2,NA,14,0.00172852,"pollinator","Euderus_sp."
141,2,NA,NA,9,0.000108399,"pollinator","Eumerus_latitarsis"
141,2,NA,NA,10,0.000346478,"pollinator","Eumerus_latitarsis"
141,2,NA,NA,11,0.000726101,"pollinator","Eumerus_latitarsis"
141,2,NA,NA,12,0.00166861,"pollinator","Eumerus_latitarsis"
141,2,NA,NA,13,0.000787748,"pollinator","Eumerus_latitarsis"
141,2,NA,NA,14,0.00413365,"pollinator","Eumerus_latitarsis"
142,2,NA,NA,10,0.000169611,"pollinator","Eumerus_nivariae"
143,4,NA,NA,7,4.23962e-05,"pollinator","Eupelmus_sp."
143,8,NA,NA,12,0.000170109,"pollinator","Eupelmus_sp."
144,1,NA,NA,12,9.05622e-05,"pollinator","Eupelmus_testaceiventris"
145,24,NA,NA,4,0.000112069,"pollinator","Eurytoma_sp._1"
145,4,NA,NA,7,0.00015374,"pollinator","Eurytoma_sp._1"
146,4,NA,NA,3,8.8991e-06,"pollinator","Eurytoma_sp._2"
146,3,1,NA,12,0.000137255,"pollinator","Eurytoma_sp._2"
148,1,NA,NA,12,8.90476e-05,"pollinator","Exetastes_segmentarius"
149,17,NA,NA,5,1.67002e-05,"pollinator","Exhyalanthrax_canarionae"
150,1,NA,NA,8,3.71851e-05,"pollinator","Fannia_sp."
151,17,NA,NA,5,1.67002e-05,"pollinator","Gasteruption_sp."
152,1,NA,NA,9,9.99172e-06,"pollinator","Geometridae_sp."
153,4,NA,NA,4,2.73845e-05,"pollinator","Geometridae_sp._2"
154,35,NA,NA,8,0.000146921,"pollinator","Gnaphosidae_sp._1"
155,29,NA,NA,4,0.000182453,"pollinator","Goniozus_sp."
156,4,NA,NA,11,0.000182429,"pollinator","Halictus_fulvipes"
157,6,NA,NA,8,1.29374e-05,"pollinator","Holepyris_sp."
158,15,NA,NA,10,0.000209093,"pollinator","Hylaeus_ater"
159,17,NA,NA,5,6.68007e-05,"pollinator","Hylaeus_hohmanni"
159,17,NA,NA,6,0.000354556,"pollinator","Hylaeus_hohmanni"
162,13,NA,NA,13,0.000490168,"pollinator","Lasioglossum_arctifrons"
163,9,NA,NA,3,8.8991e-06,"pollinator","Lasioglossum_loetum"
163,9,NA,NA,5,0.000171567,"pollinator","Lasioglossum_loetum"
163,9,NA,NA,6,0.000344316,"pollinator","Lasioglossum_loetum"
163,9,NA,NA,8,0.000198546,"pollinator","Lasioglossum_loetum"
163,9,NA,NA,9,0.00027046,"pollinator","Lasioglossum_loetum"
163,9,NA,NA,10,0.000722213,"pollinator","Lasioglossum_loetum"
163,9,NA,NA,11,0.000801772,"pollinator","Lasioglossum_loetum"
163,9,NA,NA,12,0.00327127,"pollinator","Lasioglossum_loetum"
163,9,NA,NA,13,0.00213956,"pollinator","Lasioglossum_loetum"
163,9,NA,NA,14,0.0074861,"pollinator","Lasioglossum_loetum"
165,4,NA,NA,5,0.000108739,"pollinator","Lasioglossum_viride"
165,4,NA,NA,6,0.000517523,"pollinator","Lasioglossum_viride"
165,4,NA,NA,7,0.00029944,"pollinator","Lasioglossum_viride"
165,4,NA,NA,8,0.000463659,"pollinator","Lasioglossum_viride"
165,4,NA,NA,9,0.000703493,"pollinator","Lasioglossum_viride"
165,4,NA,NA,10,0.00160099,"pollinator","Lasioglossum_viride"
165,4,NA,NA,11,0.00188152,"pollinator","Lasioglossum_viride"
165,4,NA,NA,12,0.00884651,"pollinator","Lasioglossum_viride"
165,4,NA,NA,13,0.00339128,"pollinator","Lasioglossum_viride"
165,1,NA,NA,14,0.0123884,"pollinator","Lasioglossum_viride"
166,10,NA,NA,9,5.10237e-05,"pollinator","Leptochilus_cruentatus"
166,10,NA,NA,10,0.000631324,"pollinator","Leptochilus_cruentatus"
167,2,NA,NA,8,1.97519e-05,"pollinator","Leptochilus_eatoni"
167,3,2,NA,9,9.28547e-05,"pollinator","Leptochilus_eatoni"
168,7,NA,NA,4,0.000116226,"pollinator","Leptochilus_fortunatus"
169,1,NA,NA,13,6.1046e-05,"pollinator","Linnaemyia_soror"
170,20,NA,NA,3,6.6257e-05,"pollinator","Lucilia_sericata"
170,20,NA,NA,4,0.000242765,"pollinator","Lucilia_sericata"
170,20,NA,NA,5,0.000175091,"pollinator","Lucilia_sericata"
170,20,NA,NA,6,0.000308611,"pollinator","Lucilia_sericata"
170,20,NA,NA,7,0.000278217,"pollinator","Lucilia_sericata"
170,20,NA,NA,8,0.000691977,"pollinator","Lucilia_sericata"
170,20,NA,NA,12,0.00145312,"pollinator","Lucilia_sericata"
170,20,NA,NA,13,0.000911713,"pollinator","Lucilia_sericata"
170,1,NA,NA,14,0.00421173,"pollinator","Lucilia_sericata"
173,1,NA,NA,7,1.05468e-05,"pollinator","Macrocoma_splendens"
174,8,NA,NA,5,1.08461e-05,"pollinator","Macroglossum_stellatarum"
175,8,NA,NA,9,2.51816e-05,"pollinator","Malthinus_mutabilis"
175,2,NA,NA,10,0.000150587,"pollinator","Malthinus_mutabilis"
176,13,NA,NA,7,1.05468e-05,"pollinator","Megachile_canariensis"
176,13,NA,NA,13,0.000539378,"pollinator","Megachile_canariensis"
177,1,NA,NA,11,6.4859e-05,"pollinator","Megaselia_sp._1"
178,4,NA,NA,10,0.000869698,"pollinator","Megaselia_sp._2"
179,17,NA,NA,5,1.67002e-05,"pollinator","Melecta_curvispina"
181,10,NA,NA,9,0.000143299,"pollinator","Meligethes_canariensis"
181,10,NA,NA,10,0.000810906,"pollinator","Meligethes_canariensis"
182,26,NA,NA,8,0.00033822,"pollinator","Meligethes_cf._canariensis"
183,2,NA,NA,3,3.21559e-06,"pollinator","Milichiidae_sp."
184,2,NA,NA,10,1.58541e-05,"pollinator","Minotetrastichus_sp."
185,15,NA,NA,8,7.91831e-05,"pollinator","Monomorium_subopacum"
186,1,NA,NA,8,3.01041e-05,"pollinator","Mordellistena_cf._canariensis"
187,22,NA,NA,5,0.000102928,"pollinator","Musca_domestica"
187,22,NA,NA,6,0.00018344,"pollinator","Musca_domestica"
187,22,NA,NA,7,0.000128508,"pollinator","Musca_domestica"
187,22,NA,NA,8,0.00049041,"pollinator","Musca_domestica"
187,22,NA,NA,9,0.000308195,"pollinator","Musca_domestica"
187,22,NA,NA,10,0.000650249,"pollinator","Musca_domestica"
187,22,NA,NA,11,0.000576532,"pollinator","Musca_domestica"
187,22,NA,NA,12,0.00101851,"pollinator","Musca_domestica"
188,1,NA,NA,3,4.29374e-06,"pollinator","Musca_osiris"
190,6,NA,NA,10,3.83677e-05,"pollinator","Myathropa_florea"
190,1,NA,NA,13,0.000274915,"pollinator","Myathropa_florea"
190,1,NA,NA,14,0.00475234,"pollinator","Myathropa_florea"
191,1,NA,NA,13,0.000122092,"pollinator","Mycetophilidae_sp._1"
192,3,2,NA,7,0.000146026,"pollinator","Myopites_nigrescens"
192,3,2,NA,8,0.000615604,"pollinator","Myopites_nigrescens"
192,3,2,NA,11,0.000294468,"pollinator","Myopites_nigrescens"
192,3,2,NA,12,0.000718001,"pollinator","Myopites_nigrescens"
192,3,2,NA,14,0.0139155,"pollinator","Myopites_nigrescens"
193,1,NA,NA,10,2.00561e-05,"pollinator","Neodryophilus_cryptophagoides"
193,1,NA,NA,14,0.000755671,"pollinator","Neodryophilus_cryptophagoides"
195,26,NA,NA,8,0.00033822,"pollinator","Nomioides_fortunatus"
197,8,NA,NA,3,3.21559e-06,"pollinator","Nyctia_lugubris"
197,8,NA,NA,11,6.80203e-05,"pollinator","Nyctia_lugubris"
197,8,NA,NA,12,0.000317096,"pollinator","Nyctia_lugubris"
199,34,NA,NA,5,0.00011862,"pollinator","Oscinella_sp._1"
199,34,NA,NA,6,0.000191801,"pollinator","Oscinella_sp._1"
199,34,NA,NA,7,0.000163983,"pollinator","Oscinella_sp._1"
199,34,NA,NA,8,0.000348622,"pollinator","Oscinella_sp._1"
200,2,NA,NA,8,3.95037e-05,"pollinator","Oscinella_sp._2"
201,29,NA,NA,4,0.000182453,"pollinator","Oscinimorpha_sp."
202,30,NA,NA,6,0.000540994,"pollinator","Osmia_canaria"
202,13,NA,NA,13,0.000651031,"pollinator","Osmia_canaria"
203,4,NA,NA,6,5.18251e-05,"pollinator","Osmia_latreillei"
203,4,NA,NA,12,0.000309422,"pollinator","Osmia_latreillei"
204,6,NA,NA,8,2.58747e-05,"pollinator","Oxyopes_cf._kraepelinorum"
205,2,NA,NA,11,2.50912e-05,"pollinator","Oxyopes_kraepelinorum"
206,4,NA,NA,3,8.8991e-06,"pollinator","Paragus_tibialis"
207,1,NA,NA,11,0.000147471,"pollinator","Paratrechina_longicornis"
207,1,NA,NA,14,0.00081719,"pollinator","Paratrechina_longicornis"
208,11,NA,NA,14,0.00161791,"pollinator","Perilampus_sp._1"
209,1,NA,NA,13,6.1046e-05,"pollinator","Perilampus_sp._2"
210,2,NA,NA,4,4.43849e-06,"pollinator","Phalacrus_coruscus"
210,3,1,NA,14,0.00146392,"pollinator","Phalacrus_coruscus"
211,18,NA,NA,6,2.59159e-05,"pollinator","Phthiria_simonyi"
211,11,NA,NA,9,0.000126711,"pollinator","Phthiria_simonyi"
211,11,NA,NA,10,0.000380031,"pollinator","Phthiria_simonyi"
211,11,NA,NA,14,0.00101372,"pollinator","Phthiria_simonyi"
212,1,NA,NA,7,1.12642e-05,"pollinator","Physiphora_alceae"
213,41,NA,NA,7,1.05468e-05,"pollinator","Phyto_discrepans"
213,41,NA,NA,8,0.000188425,"pollinator","Phyto_discrepans"
214,2,NA,NA,3,3.21559e-06,"pollinator","Phyto_nigrobarbata"
215,4,NA,NA,6,0.000106387,"pollinator","Pieris_rapae"
215,4,NA,NA,11,0.000127657,"pollinator","Pieris_rapae"
215,4,NA,NA,12,0.000503312,"pollinator","Pieris_rapae"
216,14,NA,NA,3,0.000470434,"pollinator","Plagiolepis_schmitzii"
216,14,NA,NA,4,0.000971085,"pollinator","Plagiolepis_schmitzii"
216,14,NA,NA,8,0.000312736,"pollinator","Plagiolepis_schmitzii"
216,14,NA,NA,11,0.000841681,"pollinator","Plagiolepis_schmitzii"
216,14,NA,NA,12,0.0053041,"pollinator","Plagiolepis_schmitzii"
217,23,NA,NA,5,2.81598e-05,"pollinator","Plagiolepis_sp._2"
217,23,NA,NA,6,0.000159156,"pollinator","Plagiolepis_sp._2"
217,23,NA,NA,7,0.000166899,"pollinator","Plagiolepis_sp._2"
217,23,NA,NA,8,0.00101044,"pollinator","Plagiolepis_sp._2"
217,23,NA,NA,9,0.000485512,"pollinator","Plagiolepis_sp._2"
217,23,NA,NA,10,0.00155061,"pollinator","Plagiolepis_sp._2"
218,1,NA,NA,7,7.04771e-06,"pollinator","Platypalpus_sp."
218,1,NA,NA,10,0.000100712,"pollinator","Platypalpus_sp."
219,2,NA,NA,4,4.43849e-06,"pollinator","Platypalpus_sp._1"
219,1,NA,NA,11,6.8127e-05,"pollinator","Platypalpus_sp._1"
220,1,NA,NA,8,3.01041e-05,"pollinator","Platypalpus_sp._2"
223,4,NA,NA,3,8.8991e-06,"pollinator","Proconura_sp._2"
224,6,NA,NA,9,2.88618e-05,"pollinator","Pteromalus_sp._1"
225,4,NA,NA,3,6.22937e-05,"pollinator","Pteromalus_sp._2"
225,4,NA,NA,4,0.00018817,"pollinator","Pteromalus_sp._2"
226,3,2,NA,7,3.23777e-05,"pollinator","Pteromalus_sp._3"
226,3,2,NA,14,0.00239621,"pollinator","Pteromalus_sp._3"
227,6,NA,NA,8,5.17495e-05,"pollinator","Pteromalus_sp._4"
227,6,NA,NA,9,9.26727e-05,"pollinator","Pteromalus_sp._4"
228,2,NA,NA,14,0.000851908,"pollinator","Rondania_insularis"
229,2,NA,NA,4,8.87698e-06,"pollinator","Sapromyza_sp."
233,2,NA,NA,14,0.000851908,"pollinator","Sarcophagidae_sp._3"
234,33,NA,NA,3,0.000211065,"pollinator","Sarcophagidae_sp._4"
234,33,NA,NA,4,0.000269611,"pollinator","Sarcophagidae_sp._4"
235,27,NA,NA,3,5.78807e-05,"pollinator","Sarcophagidae_sp._5"
235,27,NA,NA,4,0.000152537,"pollinator","Sarcophagidae_sp._5"
235,27,NA,NA,5,0.000122975,"pollinator","Sarcophagidae_sp._5"
235,27,NA,NA,6,0.000321337,"pollinator","Sarcophagidae_sp._5"
235,27,NA,NA,7,0.000284842,"pollinator","Sarcophagidae_sp._5"
235,27,NA,NA,8,0.000538963,"pollinator","Sarcophagidae_sp._5"
235,27,NA,NA,12,0.000610076,"pollinator","Sarcophagidae_sp._5"
236,4,NA,NA,3,8.8991e-06,"pollinator","Sarcophagidae_sp._6"
236,4,NA,NA,4,0.000165478,"pollinator","Sarcophagidae_sp._6"
238,31,NA,NA,7,5.06889e-05,"pollinator","Sarcophagidae_sp._8"
238,31,NA,NA,8,0.000163656,"pollinator","Sarcophagidae_sp._8"
238,31,NA,NA,11,0.000303157,"pollinator","Sarcophagidae_sp._8"
238,31,NA,NA,12,0.000484242,"pollinator","Sarcophagidae_sp._8"
239,17,NA,NA,5,1.67002e-05,"pollinator","Scaeva_albomaculata"
239,17,NA,NA,6,0.000179782,"pollinator","Scaeva_albomaculata"
239,12,NA,NA,12,0.000812086,"pollinator","Scaeva_albomaculata"
239,12,NA,NA,13,0.000421321,"pollinator","Scaeva_albomaculata"
240,2,NA,NA,3,3.21559e-06,"pollinator","Scaptomyza_sp._2"
241,6,NA,NA,7,1.91026e-05,"pollinator","Scenopinus_sp."
241,6,NA,NA,8,0.000142804,"pollinator","Scenopinus_sp."
241,6,NA,NA,10,0.000177946,"pollinator","Scenopinus_sp."
242,32,NA,NA,3,4.59909e-05,"pollinator","Sciaridae_sp."
242,32,NA,NA,4,0.000327211,"pollinator","Sciaridae_sp."
242,32,NA,NA,9,0.000184416,"pollinator","Sciaridae_sp."
242,32,NA,NA,10,0.000370649,"pollinator","Sciaridae_sp."
242,1,NA,NA,14,0.00107428,"pollinator","Sciaridae_sp."
243,13,NA,NA,8,9.20792e-05,"pollinator","Sciaridae_sp._1"
243,13,NA,NA,11,0.000136087,"pollinator","Sciaridae_sp._1"
243,13,NA,NA,12,0.000294084,"pollinator","Sciaridae_sp._1"
243,13,NA,NA,13,0.000736481,"pollinator","Sciaridae_sp._1"
245,1,NA,NA,11,3.24295e-05,"pollinator","Scymnus_canariensis"
246,2,NA,NA,5,8.6498e-06,"pollinator","Sepsis_sp."
247,2,NA,NA,8,1.97519e-05,"pollinator","Sibinia_sericea"
248,3,1,NA,14,0.00283921,"pollinator","Spathulina_sicula"
249,25,NA,NA,7,4.96653e-05,"pollinator","Sphaeniscus_filiolus"
251,2,NA,NA,6,5.42123e-06,"pollinator","Stenoselma_sp."
252,25,NA,NA,7,4.96653e-05,"pollinator","Stomorhina_lunata"
253,39,NA,NA,7,1.61789e-05,"pollinator","Synthesomyia_nudiseta"
253,39,NA,NA,8,0.000190722,"pollinator","Synthesomyia_nudiseta"
254,10,NA,NA,8,1.29374e-05,"pollinator","Syritta_pipiens"
254,10,NA,NA,9,6.80281e-05,"pollinator","Syritta_pipiens"
254,10,NA,NA,10,0.00124971,"pollinator","Syritta_pipiens"
254,1,NA,NA,14,0.00116723,"pollinator","Syritta_pipiens"
255,6,NA,NA,11,0.000539446,"pollinator","Tachina_canariensis"
255,6,NA,NA,12,0.0014729,"pollinator","Tachina_canariensis"
255,6,NA,NA,13,0.000634695,"pollinator","Tachina_canariensis"
257,2,NA,NA,3,3.21559e-06,"pollinator","Tachyagetes_aemulans"
260,1,NA,NA,9,1.53995e-05,"pollinator","Tethina_marmorata"
263,2,NA,NA,4,4.43849e-06,"pollinator","Tethinidae_sp._3"
264,16,3,NA,3,0.000233584,"pollinator","Tetramesa_sp."
264,16,3,NA,4,0.000238023,"pollinator","Tetramesa_sp."
265,8,NA,NA,13,6.88294e-05,"pollinator","Thaumatomyia_notata"
265,8,NA,NA,14,0.00285866,"pollinator","Thaumatomyia_notata"
266,15,NA,NA,7,0.000652443,"pollinator","Themnothorax_hesperius"
266,15,NA,NA,8,0.00108537,"pollinator","Themnothorax_hesperius"
266,15,NA,NA,9,0.00039823,"pollinator","Themnothorax_hesperius"
266,15,NA,NA,10,0.00111379,"pollinator","Themnothorax_hesperius"
268,7,NA,NA,5,0.000134802,"pollinator","Themnothorax_risii"
269,6,NA,NA,11,0.000125758,"pollinator","Thomisus_cf._globosum"
270,18,NA,NA,6,2.59159e-05,"pollinator","Thomisus_cf._onustus"
270,2,NA,NA,9,6.03523e-05,"pollinator","Thomisus_cf._onustus"
270,6,NA,NA,11,0.000176326,"pollinator","Thomisus_cf._onustus"
270,2,NA,NA,13,0.000261637,"pollinator","Thomisus_cf._onustus"
272,2,NA,NA,11,0.000312466,"pollinator","Thyridanthrax_indigenus"
272,2,NA,NA,12,0.00246395,"pollinator","Thyridanthrax_indigenus"
274,2,NA,NA,3,9.05088e-05,"pollinator","Thysanoptera_sp._1"
274,2,NA,NA,4,0.000406204,"pollinator","Thysanoptera_sp._1"
274,2,NA,NA,5,0.000501871,"pollinator","Thysanoptera_sp._1"
274,2,NA,NA,6,0.000712699,"pollinator","Thysanoptera_sp._1"
274,2,NA,NA,7,0.00071845,"pollinator","Thysanoptera_sp._1"
274,2,NA,NA,8,0.0015202,"pollinator","Thysanoptera_sp._1"
274,2,NA,NA,9,0.000998476,"pollinator","Thysanoptera_sp._1"
274,2,NA,NA,10,0.00171562,"pollinator","Thysanoptera_sp._1"
274,2,NA,NA,11,0.00159528,"pollinator","Thysanoptera_sp._1"
274,6,NA,NA,12,0.00781448,"pollinator","Thysanoptera_sp._1"
274,2,NA,NA,13,0.00382239,"pollinator","Thysanoptera_sp._1"
274,2,NA,NA,14,0.0248137,"pollinator","Thysanoptera_sp._1"
275,3,1,NA,3,0.000193246,"pollinator","Thysanoptera_sp._2"
275,3,1,NA,4,0.00086626,"pollinator","Thysanoptera_sp._2"
275,3,1,NA,5,0.000430504,"pollinator","Thysanoptera_sp._2"
275,3,1,NA,6,0.000657008,"pollinator","Thysanoptera_sp._2"
275,3,1,NA,7,0.000574657,"pollinator","Thysanoptera_sp._2"
275,3,1,NA,8,0.00206824,"pollinator","Thysanoptera_sp._2"
275,3,1,NA,9,0.00135089,"pollinator","Thysanoptera_sp._2"
275,3,1,NA,10,0.00218357,"pollinator","Thysanoptera_sp._2"
275,3,1,NA,11,0.00230714,"pollinator","Thysanoptera_sp._2"
275,3,1,NA,12,0.00472408,"pollinator","Thysanoptera_sp._2"
275,3,1,NA,13,0.0043176,"pollinator","Thysanoptera_sp._2"
275,3,1,NA,14,0.00708713,"pollinator","Thysanoptera_sp._2"
276,28,NA,NA,5,1.83671e-05,"pollinator","Thysanoptera_sp._3"
276,28,NA,NA,6,0.000134792,"pollinator","Thysanoptera_sp._3"
276,28,NA,NA,8,0.000149148,"pollinator","Thysanoptera_sp._3"
276,28,NA,NA,10,0.000354722,"pollinator","Thysanoptera_sp._3"
277,7,NA,NA,3,2.29813e-05,"pollinator","Thysanoptera_sp._4"
278,6,NA,NA,9,0.00032364,"pollinator","Thysanoptera_sp._7"
278,6,NA,NA,10,0.00199315,"pollinator","Thysanoptera_sp._7"
279,4,NA,NA,8,0.000136801,"pollinator","Torymoides_lindbergi"
280,6,NA,NA,8,1.29374e-05,"pollinator","Trixoscelis_sp."
282,4,NA,NA,6,2.59125e-05,"pollinator","Tropinota_squalida"
283,3,1,NA,12,9.13471e-05,"pollinator","Trupanea_augur"
284,4,NA,NA,3,1.77982e-05,"pollinator","Urelliosoma_guimari"
284,4,NA,NA,4,0.000193196,"pollinator","Urelliosoma_guimari"
284,4,NA,NA,6,0.000167531,"pollinator","Urelliosoma_guimari"
284,4,NA,NA,7,0.000308955,"pollinator","Urelliosoma_guimari"
284,4,NA,NA,8,0.000533067,"pollinator","Urelliosoma_guimari"
284,4,NA,NA,10,0.000944345,"pollinator","Urelliosoma_guimari"
284,4,NA,NA,12,0.000934231,"pollinator","Urelliosoma_guimari"
288,5,NA,NA,14,0.00123379,"pollinator","Villa_nigriceps"
